--
-- Script was generated by Devart dbForge Studio 2020 for MySQL, Version 9.0.470.0
-- Product home page: http://www.devart.com/dbforge/mysql/studio
-- Script date 12/13/2020 7:36:52 PM
-- Server version: 8.0.21
-- Client version: 4.1
--


SET NAMES 'utf8';

INSERT INTO quanlyvantai.chuyen_xe(chuyen_xe_id, gia_ve, ngay_di, so_khach, lai_xe_id, phu_xe_id, tuyen_xe_id, xe_khach_id) VALUES
(8, 220000, '2020-12-01', 23, 10, 11, 2, 53),
(9, 90000, '2020-11-17', 14, 12, 10, 2, 53),
(10, 113000, '2020-12-08', 23, 12, 14, 4, 57),
(11, 280000, '2020-12-02', 32, 14, 11, 6, 54),
(12, 100000, '2020-12-08', 30, 10, 14, 2, 53);


INSERT INTO quanlyvantai.tai_xe(tai_xe_id, cmt, dia_chi, loai_bang, ma_so_bang_lai, ngay_sinh, salary, ten, tham_nien) VALUES
(10, '109114', 'Hưng Yên', 'B2', 'B1789283', '1989-06-30', 0, 'Nguyễn Văn Minh', 5),
(11, '108029', 'Hải Dương', 'B2', 'B1120223', '1986-07-31', 0, 'Trần Duy Bắc', 8),
(12, '108711', 'Nghệ An', 'B2', 'B1122332', '1984-03-06', 0, 'Phạm Quang Hùng', 9),
(13, '190922', 'Nghệ An', 'B1', 'B1189022', '1989-08-09', 0, 'Nguyễn Hồng Cường', 5),
(14, '199830', 'Hải Phòng', 'B1', 'A3118796', '1990-10-12', 0, 'Nguyễn Trí Đạt', 4);


INSERT INTO quanlyvantai.tuyen_xe(tuyen_xe_id, diem_cuoi, diem_dau, do_phuc_tap, quang_duong) VALUES
(2, 'Hòa Bình', 'Hà Nội', 1, 0),
(3, 'Sơn La', 'Hà Nội', 2, 0),
(4, 'Thanh Hóa', 'Hà Nội', 1, 0),
(5, 'Cà Mau', 'Hà Nội', 3, 0),
(6, 'Nghệ An', 'Hà Nội', 3, 0);


INSERT INTO quanlyvantai.xe_khach(xe_khach_id, bien_so, doi_xe, hang_san_xuat, mau_xe, model, ngay_bao_duong, so_ghe, so_nam_su_dung, ngay_bao_duong_tiep_theo) VALUES
(53, '30A-33821', 2016, 'Hyundai', 'Nâu', 'Solati', '2019-01-12', 29, 3, 'Đã quá hạn bảo dưỡng'),
(54, '30A-33832', 2017, 'Hyundai', 'Đen', 'Solid', '2019-11-07', 45, 3, 'Đã quá hạn bảo dưỡng'),
(55, '30A-73221', 2016, 'Hyundai', 'Nâu', 'Solid', '2019-04-16', 45, 4, 'Đã quá hạn bảo dưỡng'),
(56, '30A-87690', 2015, 'Toyota', 'Nâu', 'Lux', '2020-01-11', 45, 0, '2021-01-05'),
(57, '30A-89023', 2017, 'Toyota', 'Đỏ', 'Gal', '2019-02-14', 36, 3, 'Đã quá hạn bảo dưỡng');